{
  "metrics": {
    "roc_auc": 0.8269069243691274,
    "pr_auc": 0.635596262229693,
    "f1": 0.7727272727272727,
    "mcc": 0.7856167818994471,
    "balanced_acc": 0.8268990788429234,
    "precision": 0.9444444444444444,
    "recall": 0.6538461538461539,
    "threshold": 0.011036582057332933,
    "ks_statistic": 0.6538221557660002,
    "ece": 0.0004741486285001816,
    "recall@0.001": 0.6538461538461539,
    "recall@0.005": 0.6538461538461539,
    "recall@0.01": 0.6538461538461539,
    "chosen_threshold": 0.011036582057332933,
    "cost_stats": {
      "cost": 120.0,
      "tp": 41,
      "fp": 0,
      "fn": 12,
      "tn": 40668
    },
    "selected_features": [
      "V2",
      "V3",
      "V6",
      "V7",
      "V8",
      "V11",
      "V12",
      "V14",
      "V15",
      "V17",
      "V24",
      "Amount",
      "hour_of_day"
    ],
    "n_selected": 13,
    "fa_resampling": {
      "method": 0,
      "ratio": 0.06299843124828634,
      "k_neighbors": 8
    },
    "fa_best_fitness": -0.07869846025392303,
    "fa_time_sec": 2317.43
  },
  "selected_features": [
    "V2",
    "V3",
    "V6",
    "V7",
    "V8",
    "V11",
    "V12",
    "V14",
    "V15",
    "V17",
    "V24",
    "Amount",
    "hour_of_day"
  ],
  "chosen_threshold": 0.011036582057332933,
  "feature_mode": "flexible",
  "n_selected_features": 13
}